City,Lat,Lng,Max Temp,Humidity,Cloudiness,Wind Speed,Country,Date
busselton,-33.65,115.3333,57.99,79,0,1.01,AU,1618686721
ratnagiri,16.9833,73.3,81.88,75,0,10.42,IN,1618687215
bengkulu,-3.8004,102.2655,75.15,88,100,3.38,ID,1618686850
jamestown,42.097,-79.2353,46.99,70,90,6.91,US,1618686586
kavieng,-2.5744,150.7967,81.21,80,98,10.0,PG,1618686844
yumen,40.2833,97.2,51.85,15,91,6.22,CN,1618687219
vaini,-21.2,-175.2,69.8,88,20,4.61,TO,1618686723
arraial do cabo,-22.9661,-42.0278,82.4,78,40,14.97,BR,1618686906
geraldton,-28.7667,114.6,66.2,42,20,8.05,AU,1618686722
bethel,41.3712,-73.414,51.8,50,90,10.36,US,1618686725
port alfred,-33.5906,26.891,65.98,68,11,17.13,ZA,1618686734
havoysund,70.9963,24.6622,41.0,70,0,5.75,NO,1618687045
zherdevka,51.8486,41.4606,44.65,86,47,4.68,RU,1618687293
atuona,-9.8,-139.0333,80.55,74,34,17.85,PF,1618686754
bluff,-46.6,168.3333,51.01,93,100,5.01,NZ,1618686581
west wendover,40.7391,-114.0733,53.6,26,40,11.5,US,1618687293
yeppoon,-23.1333,150.7333,64.4,72,1,5.75,AU,1618686861
uglekamensk,43.2172,133.2303,37.76,62,53,4.76,RU,1618687294
tiksi,71.6872,128.8694,4.6,96,100,11.01,RU,1618686729
faya,18.3851,42.4509,60.8,55,40,4.92,SA,1618686649
georgetown,5.4112,100.3354,80.6,83,40,3.44,MY,1618686735
victoria,22.2855,114.1577,73.99,73,100,1.99,HK,1618686825
caravelas,-17.7125,-39.2481,80.1,67,52,8.05,BR,1618686803
glenn heights,32.5488,-96.8567,60.01,55,40,16.11,US,1618687295
ponta do sol,32.6667,-17.1,62.01,62,100,3.0,PT,1618686601
paita,-5.0892,-81.1144,84.2,51,0,14.97,PE,1618687296
karratha,-20.7377,116.8463,80.83,54,0,6.24,AU,1618686983
east london,-33.0153,27.9116,64.4,77,0,11.5,ZA,1618686498
punta arenas,-53.15,-70.9167,55.4,50,75,9.22,CL,1618686604
wattegama,6.7989,81.4808,78.8,100,40,4.61,LK,1618686992
carnarvon,-24.8667,113.6333,76.53,71,0,6.91,AU,1618686584
emba,48.8264,58.1442,55.0,71,100,3.85,KZ,1618687297
mizdah,31.4451,12.9801,66.88,51,100,14.0,LY,1618687297
ormara,25.2088,64.6357,80.29,79,21,8.61,PK,1618687069
soyo,-6.1349,12.3689,80.31,86,100,5.91,AO,1618686891
sant julia de loria,42.4625,1.4825,21.0,92,23,7.36,AD,1618687298
berlevag,70.8578,29.0864,37.85,88,72,11.43,NO,1618686821
albany,42.6001,-73.9662,50.0,56,100,1.99,US,1618686633
new norfolk,-42.7826,147.0587,54.0,81,99,4.0,AU,1618686719
wheeling,42.1392,-87.929,57.0,43,1,10.36,US,1618687094
saint george,37.1041,-113.5841,64.0,25,75,8.05,US,1618686761
mar del plata,-38.0023,-57.5575,68.0,88,0,10.36,AR,1618686725
tual,-5.6667,132.75,83.86,71,100,13.65,ID,1618687071
constitucion,-35.3333,-72.4167,62.44,72,75,6.2,CL,1618686802
shenjiamen,29.9576,122.298,53.29,55,100,3.8,CN,1618686752
svetlaya,46.5389,138.3297,36.28,91,100,8.84,RU,1618687299
avarua,-21.2078,-159.775,77.0,88,17,2.3,CK,1618686741
rikitea,-23.1203,-134.9692,77.09,68,100,8.86,PF,1618686724
hofn,64.2539,-15.2082,44.73,98,100,18.34,IS,1618686760
quatre cocos,-20.2078,57.7625,78.01,94,75,6.26,MU,1618686820
xining,36.6167,101.7667,41.18,43,0,0.76,CN,1618686748
parnarama,-5.6817,-43.0933,82.04,79,98,1.07,BR,1618687301
koslan,63.4564,48.8989,32.9,72,99,10.94,RU,1618687301
qostanay,53.1667,63.5833,42.8,87,23,4.47,KZ,1618687301
yellowknife,62.456,-114.3525,37.0,64,75,10.0,CA,1618686719
aksarka,66.5606,67.7975,-11.85,99,53,4.61,RU,1618687006
klaksvik,62.2266,-6.589,46.4,76,100,20.71,FO,1618686772
evensk,61.95,159.2333,9.0,96,100,3.38,RU,1618686833
dunedin,-45.8742,170.5036,53.01,61,100,1.01,NZ,1618687036
pavlodar,52.3,76.95,28.4,69,0,1.21,KZ,1618687302
ancud,-41.8697,-73.8203,59.0,82,75,6.91,CL,1618686866
mataura,-46.1927,168.8643,51.01,93,100,5.01,NZ,1618686729
kaitangata,-46.2817,169.8464,48.99,75,100,1.01,NZ,1618686863
alofi,-19.0595,-169.9187,68.0,94,10,1.14,NU,1618686605
hithadhoo,-0.6,73.0833,82.6,62,7,5.86,MV,1618686739
sitka,57.0531,-135.33,48.2,66,40,2.44,US,1618686530
vinh long,10.25,105.9667,78.8,94,40,2.3,VN,1618687304
grand gaube,-20.0064,57.6608,78.01,86,17,1.01,MU,1618686821
baruun-urt,46.6806,113.2792,42.87,24,0,12.24,MN,1618687304
batagay,67.6333,134.6333,4.78,85,51,6.31,RU,1618687305
kapaa,22.0752,-159.319,70.0,88,90,10.36,US,1618686724
narsaq,60.9167,-46.05,28.4,26,1,5.75,GL,1618686771
santa maria,-29.6842,-53.8069,82.4,54,40,8.05,BR,1618686772
bonga,7.2833,36.2333,60.12,92,41,1.9,ET,1618687306
saint-philippe,-21.3585,55.7679,75.2,94,90,6.91,RE,1618686763
fort nelson,58.8053,-122.7002,42.8,70,75,13.8,CA,1618686626
cape town,-33.9258,18.4232,66.0,82,0,2.3,ZA,1618686768
asyut,27.181,31.1837,84.2,28,0,8.05,EG,1618687307
ushuaia,-54.8,-68.3,60.8,44,40,12.66,AR,1618686594
gat,31.61,34.7642,73.0,72,36,5.46,IL,1618686601
kloulklubed,7.0419,134.2556,80.6,89,75,11.5,PW,1618686755
college,64.8569,-147.8028,39.2,56,1,2.51,US,1618686807
maceio,-9.6658,-35.7353,82.4,69,40,10.36,BR,1618687067
biak,-0.9131,122.8766,74.37,80,100,4.72,ID,1618686688
naze,28.3667,129.4833,59.85,54,65,18.43,JP,1618686823
roma,43.2128,-75.4557,53.01,50,90,4.61,US,1618687068
raga,8.4596,25.678,85.35,16,10,4.5,SS,1618687308
richards bay,-28.783,32.0377,62.04,73,0,7.0,ZA,1618686962
maxixe,-23.8597,35.3472,69.8,73,75,6.91,MZ,1618687309
gazojak,41.1875,61.4036,69.42,21,4,6.11,TM,1618687309
port elizabeth,-33.918,25.5701,62.6,88,0,2.3,ZA,1618686725
los alamos,35.8881,-106.307,39.0,80,90,10.36,US,1618687148
cabo san lucas,22.8909,-109.9124,86.0,32,1,6.91,MX,1618686517
wamba,8.9333,8.6,86.07,48,99,1.79,NG,1618686710
ende,-8.8432,121.6623,76.69,85,92,2.64,ID,1618687051
severo-kurilsk,50.6789,156.125,35.83,72,100,6.35,RU,1618686800
puerto ayora,-0.7393,-90.3518,79.0,94,90,13.8,EC,1618686737
isangel,-19.55,169.2667,77.58,85,97,12.37,VU,1618686882
saldanha,-33.0117,17.9442,73.4,33,0,5.75,ZA,1618686878
lamu,-2.2717,40.902,82.4,83,20,9.22,KE,1618687244
merrill,45.1805,-89.6835,55.99,26,1,11.5,US,1618687259
katsuura,35.1333,140.3,61.0,73,100,7.0,JP,1618686766
ostrovnoy,68.0531,39.5131,30.49,83,90,3.78,RU,1618686746
emporia,38.4039,-96.1817,48.2,76,90,13.8,US,1618687311
mahebourg,-20.4081,57.7,77.0,94,75,4.72,MU,1618686789
cayenne,4.9333,-52.3333,84.2,70,90,19.57,GF,1618686738
qaanaaq,77.484,-69.3632,-1.46,92,100,1.54,GL,1618686723
airai,-8.9266,125.4092,57.96,86,82,2.55,TL,1618686798
hobart,-42.8794,147.3294,55.4,62,70,16.11,AU,1618686743
severo-yeniseyskiy,60.3725,93.0408,15.22,88,100,9.37,RU,1618687313
saskylakh,71.9167,114.0833,8.37,94,100,11.43,RU,1618686734
sao filipe,14.8961,-24.4956,72.1,73,0,14.27,CV,1618686764
cabatuan,10.8794,122.486,76.86,79,100,3.98,PH,1618687313
kidal,18.4411,1.4078,95.63,4,100,9.33,ML,1618686662
bonthe,7.5264,-12.505,79.57,78,100,3.36,SL,1618686942
ribeira grande,38.5167,-28.7,64.4,94,20,13.8,PT,1618686814
hilo,19.7297,-155.09,78.8,61,40,3.13,US,1618686738
trairi,-3.2778,-39.2689,81.48,78,24,10.02,BR,1618686905
coihaique,-45.5752,-72.0662,57.2,62,75,5.75,CL,1618686897
kutulik,53.3508,102.7839,26.83,73,100,13.24,RU,1618687315
shetpe,44.1667,52.1167,62.15,37,100,5.48,KZ,1618687315
longyearbyen,78.2186,15.6401,24.8,80,90,27.63,SJ,1618686592
souillac,-20.5167,57.5167,77.0,94,75,3.11,MU,1618686885
haines junction,60.7522,-137.5108,50.0,32,12,5.75,CA,1618686895
chiredzi,-21.05,31.6667,61.45,55,0,4.63,ZW,1618687027
ahipara,-35.1667,173.1667,59.92,58,96,6.93,NZ,1618686757
new richmond,45.123,-92.5366,57.2,24,40,8.05,US,1618687317
leh,34.1667,77.5833,36.77,77,100,3.44,IN,1618686850
boguchany,58.3814,97.4531,13.68,95,12,2.55,RU,1618687232
kalamare,-22.9337,26.5703,61.11,55,0,10.89,BW,1618687318
barrow,71.2906,-156.7887,26.6,80,1,13.8,US,1618686462
agapovka,53.2973,59.1348,50.0,53,13,4.47,RU,1618687318
puerto carreno,6.189,-67.4859,91.92,46,95,3.47,CO,1618687318
guantanamo,20.1444,-75.2092,84.2,65,20,8.05,CU,1618687319
udachnyy,66.4167,112.4,1.74,93,100,12.26,RU,1618687319
puerto escondido,15.85,-97.0667,84.2,74,20,9.22,MX,1618686849
lebu,-37.6167,-73.65,60.85,72,20,7.72,CL,1618686764
terney,45.0503,136.6092,37.06,87,100,7.47,RU,1618687320
fortuna,40.5982,-124.1573,55.4,82,1,13.8,US,1618686705
kununurra,-15.7667,128.7333,75.2,50,28,6.91,AU,1618686727
te anau,-45.4167,167.7167,50.05,93,100,6.91,NZ,1618687189
dukat,62.55,155.55,14.49,69,71,13.29,RU,1618686732
erenhot,43.6475,111.9767,46.92,22,0,16.91,CN,1618687110
hamilton,39.1834,-84.5333,55.0,71,90,12.66,US,1618686774
lompoc,34.6391,-120.4579,60.01,72,0,18.41,US,1618686738
butaritari,3.0707,172.7902,82.26,75,100,7.72,KI,1618686583
bredasdorp,-34.5322,20.0403,53.6,94,0,2.3,ZA,1618686744
lazaro cardenas,17.9583,-102.2,83.52,49,0,8.97,MX,1618687322
husavik,66.0449,-17.3389,41.0,87,90,5.75,IS,1618686687
sao joao da barra,-21.6403,-41.0511,78.8,73,40,13.8,BR,1618687322
luderitz,-26.6481,15.1594,77.95,38,24,2.06,NA,1618686811
cam ranh,11.9214,109.1591,78.8,78,40,6.91,VN,1618687323
troitskoye,52.9821,84.6757,29.55,90,28,2.93,RU,1618687323
hermanus,-34.4187,19.2345,66.0,65,0,5.06,ZA,1618687323
sparta,43.9441,-90.8129,59.0,26,82,9.22,US,1618687126
pacific grove,36.6177,-121.9166,60.01,67,20,8.05,US,1618686765
midland,31.9974,-102.0779,44.01,81,90,9.22,US,1618687144
tiruchchendur,8.4833,78.1167,84.36,75,100,15.75,IN,1618687324
laguna,38.421,-121.4238,81.0,12,1,10.36,US,1618686622
acarau,-2.8856,-40.12,82.63,75,7,14.03,BR,1618687325
iqaluit,63.7506,-68.5145,19.4,58,75,5.75,CA,1618686646
thompson,55.7435,-97.8558,33.8,64,90,11.5,CA,1618686757
narok,-1.0783,35.8601,60.76,80,55,9.66,KE,1618687325
khatanga,71.9667,102.5,2.01,96,100,9.55,RU,1618686745
vanimo,-2.6741,141.3028,76.1,88,100,4.92,PG,1618687326
nishihara,26.1842,127.7558,66.2,68,40,10.36,JP,1618686746
talcahuano,-36.7167,-73.1167,59.0,82,90,9.22,CL,1618687214
saravan,39.7196,45.6483,57.2,54,52,6.91,AM,1618687202
tautira,-17.7333,-149.15,86.0,66,20,10.36,PF,1618686612
mlonggo,-6.5333,110.7,77.9,80,100,4.61,ID,1618687327
mount isa,-20.7333,139.5,68.0,30,0,13.8,AU,1618686761
guerrero negro,27.9769,-114.0611,65.82,58,2,18.95,MX,1618686733
takoradi,4.8845,-1.7554,82.76,74,56,10.96,GH,1618686896
port-gentil,-0.7193,8.7815,84.2,84,20,9.22,GA,1618686800
santa cruz,-17.8,-63.1667,81.97,62,95,2.75,BO,1618687244
melfort,52.8667,-104.6177,60.8,29,93,9.22,CA,1618687328
pevek,69.7008,170.3133,16.79,94,94,6.93,RU,1618686709
castle rock,39.3722,-104.8561,37.99,66,100,1.99,US,1618687236
tuktoyaktuk,69.4541,-133.0374,19.4,86,40,9.22,CA,1618686772
miri,4.4148,114.0089,77.0,94,40,3.44,MY,1618686799
marovoay,-16.1,46.6333,80.6,83,20,5.75,MG,1618686930
urcos,-13.6861,-71.6228,69.8,21,40,3.44,PE,1618687329
callaguip,18.0714,120.4867,77.0,69,20,3.44,PH,1618687330
fukue,32.6881,128.8419,54.18,49,6,28.32,JP,1618686934
salalah,17.0151,54.0924,82.4,78,0,1.14,OM,1618687269
dicabisagan,17.0818,122.4157,77.25,83,100,11.81,PH,1618686924
altay,47.8667,88.1167,45.7,59,46,5.3,CN,1618686732
cherskiy,68.75,161.3,15.98,74,2,19.04,RU,1618686796
tharad,24.3961,71.6267,83.71,44,0,7.65,IN,1618687331
yulara,-25.2406,130.9889,55.4,54,0,6.91,AU,1618686810
mugla,37.2303,28.3557,78.8,19,75,26.46,TR,1618687332
vestmannaeyjar,63.4427,-20.2734,42.8,93,90,9.22,IS,1618686886
ust-nera,64.5667,143.2,22.26,87,100,6.8,RU,1618687216
heinola,61.2056,26.0381,46.4,39,0,6.91,FI,1618687332
dongsheng,39.8161,109.9776,39.78,26,0,8.61,CN,1618687333
saint-augustin,51.226,-58.6502,38.01,54,0,14.41,CA,1618686909
istok,42.7808,20.4875,36.0,87,75,12.66,XK,1618687333
palmer,42.1584,-72.3287,50.0,62,75,8.05,US,1618686551
dikson,73.5069,80.5464,-16.19,100,30,3.4,RU,1618686639
ballina,-28.8667,153.5667,60.8,82,90,10.36,AU,1618686841
bennettsville,34.6174,-79.6848,73.4,35,40,3.44,US,1618687334
schoneiche,52.4667,13.6833,51.8,71,90,8.05,DE,1618687334
kutum,14.2,24.6667,75.85,9,25,8.68,SD,1618686785
den helder,52.9599,4.7593,44.01,87,97,6.91,NL,1618686910
ketchikan,55.3422,-131.6461,53.6,58,1,11.5,US,1618686935
ovalle,-30.5983,-71.2003,79.41,38,0,6.15,CL,1618687198
kirillov,59.863,38.3813,46.4,36,0,11.18,RU,1618687335
mackenzie,55.2999,-123.1698,51.8,43,1,4.61,CA,1618687336
kisangani,0.5167,25.2,80.6,83,95,4.61,CD,1618686951
san quintin,30.4833,-115.95,63.43,64,0,16.84,MX,1618686822
castro,-24.7911,-50.0119,66.31,85,99,4.99,BR,1618687336
zhadovka,53.5746,46.9498,49.62,65,0,12.01,RU,1618687337
namtsy,62.7161,129.6658,21.2,79,0,4.47,RU,1618687337
wainwright,52.839,-110.8572,62.6,25,100,11.5,CA,1618687337
bambous virieux,-20.3428,57.7575,78.01,88,75,6.91,MU,1618686783
jodhpur,26.2867,73.03,84.42,20,11,10.36,IN,1618687338
shaowu,27.3409,117.4831,61.12,74,98,1.77,CN,1618686974
awjilah,29.1081,21.2869,94.37,7,41,4.99,LY,1618687339
rajmahal,25.05,87.8333,83.16,49,95,3.18,IN,1618687339
upernavik,72.7868,-56.1549,8.55,78,100,6.69,GL,1618686602
gonzaga,44.9498,10.8209,50.0,58,17,4.65,IT,1618687339
nieuw amsterdam,5.8833,-55.0833,87.8,58,40,13.8,SR,1618687340
angoche,-16.2325,39.9086,76.64,64,100,15.86,MZ,1618687340
chara,56.9064,118.2631,28.15,94,100,1.14,RU,1618687340
honiara,-9.4333,159.95,77.31,88,92,3.49,SB,1618686766
abu samrah,35.3029,37.1841,72.3,30,100,5.03,SY,1618687031
peniche,39.3558,-9.3811,62.01,84,100,5.99,PT,1618686887
kharovsk,59.9642,40.1912,39.27,82,10,5.12,RU,1618687341
san lawrenz,36.0553,14.204,59.0,77,20,4.61,MT,1618686775
tshela,-4.9833,12.9333,75.63,89,86,0.47,CD,1618687342
cockburn town,21.4612,-71.1419,78.62,80,0,9.19,TC,1618686769
pacifica,37.6138,-122.4869,63.0,63,20,19.57,US,1618686875
chifeng,42.2683,118.9636,39.72,23,0,6.24,CN,1618687342
katobu,-4.9408,122.5276,74.01,90,19,2.15,ID,1618686970
xai-xai,-25.0519,33.6442,69.62,55,100,6.13,MZ,1618687136
kuldur,49.2167,131.6333,36.59,90,94,3.36,RU,1618687343
yen bai,21.7,104.8667,69.31,97,100,0.6,VN,1618687343
northam,51.0333,-4.2167,46.0,75,100,1.01,GB,1618687344
pontal do parana,-25.6533,-48.5128,64.99,99,100,2.71,BR,1618687344
chuy,-33.6971,-53.4616,71.37,66,0,7.76,UY,1618686576
mwinilunga,-11.7358,24.4293,62.78,89,100,2.98,ZM,1618687204
lorengau,-2.0226,147.2712,80.06,79,63,12.24,PG,1618686718
dingle,10.9995,122.6711,77.72,77,100,12.06,PH,1618686894
priargunsk,50.3691,119.1012,35.38,59,0,6.26,RU,1618687345
abaza,52.655,90.0928,29.32,96,98,2.8,RU,1618687346
praia da vitoria,38.7333,-27.0667,69.8,73,40,9.95,PT,1618687346
nabire,-3.3667,135.4833,74.77,92,100,2.93,ID,1618686918
ambon,-3.6954,128.1814,77.0,94,40,8.05,ID,1618686814
san policarpo,12.1791,125.5072,77.23,94,100,29.89,PH,1618687060
ilulissat,69.2167,-51.1,8.6,61,75,9.22,GL,1618686838
asfi,32.2994,-9.2372,65.01,77,1,17.69,MA,1618687218
tilichiki,60.4667,166.1,18.72,88,99,8.01,RU,1618686815
bereda,43.2686,-7.5406,50.0,74,1,8.99,ES,1618687347
cayeli,41.0923,40.7292,57.22,85,91,5.35,TR,1618687348
kalashnikovo,57.2824,35.2262,45.59,60,80,9.91,RU,1618687348
guarapari,-20.6667,-40.4975,81.0,78,40,9.22,BR,1618687348
atambua,-9.1061,124.8925,71.29,89,88,3.8,ID,1618686817
christchurch,-43.5333,172.6333,45.0,100,9,1.14,NZ,1618687177
moose factory,51.2585,-80.6094,37.4,81,90,10.36,CA,1618687349
banjar,-8.19,114.9675,78.8,94,20,3.44,ID,1618687264
coro,11.4045,-69.6734,88.38,59,100,23.42,VE,1618687349
vardo,70.3705,31.1107,32.0,100,75,6.91,NO,1618686613
goderich,43.7501,-81.7165,42.8,81,89,6.91,CA,1618687350
peleduy,59.6289,112.7406,0.19,99,79,3.94,RU,1618687350
tateyama,34.9833,139.8667,62.01,73,100,7.0,JP,1618687237
kodiak,57.79,-152.4072,42.8,75,90,5.75,US,1618687351
kruisfontein,-34.0033,24.7314,62.67,47,81,3.71,ZA,1618686835
tasiilaq,65.6145,-37.6368,26.6,86,75,2.93,GL,1618687351
brae,60.3964,-1.353,44.6,81,0,18.41,GB,1618687352
iralaya,15.0,-83.2333,89.6,70,40,11.5,HN,1618687352
paso de carrasco,-34.8603,-56.0522,75.2,68,20,11.5,UY,1618687352
lewistown,40.5992,-77.5714,53.6,66,20,10.36,US,1618687353
bay roberts,47.5999,-53.2648,41.0,85,100,7.0,CA,1618687353
sobolevo,54.4299,31.8996,50.81,88,100,16.42,RU,1618687353
lujiang,31.2581,117.2817,48.2,87,0,2.24,CN,1618687354
touros,-5.1989,-35.4608,82.4,74,40,8.05,BR,1618686852
kahului,20.8947,-156.47,75.2,83,40,8.05,US,1618687354
tukrah,32.5341,20.5791,69.04,66,100,4.25,LY,1618687355
salina cruz,16.1667,-95.2,87.78,51,37,18.19,MX,1618687355
coquimbo,-29.9533,-71.3436,62.6,72,40,11.5,CL,1618687355
dakoro,14.5106,6.765,87.39,6,66,5.68,NE,1618687356
belmonte,-15.8631,-38.8828,80.6,69,20,9.22,BR,1618686899
wildeshausen,52.9,8.4333,48.2,66,0,9.22,DE,1618687356
mayumba,-3.432,10.6554,80.2,86,64,6.82,GA,1618687357
victoria point,-27.5833,153.3,61.0,86,89,7.56,AU,1618686856
trud,42.2333,24.7333,50.0,76,90,9.22,BG,1618687357
san cristobal,7.7669,-72.225,95.0,38,40,17.27,VE,1618686985
makakilo city,21.3469,-158.0858,77.0,61,1,8.05,US,1618687011
kovdor,67.5662,30.4758,30.92,94,4,1.48,RU,1618687358
codrington,-38.2667,141.9667,52.36,92,21,6.98,AU,1618686623
union,40.6334,-74.2663,54.0,54,90,5.75,US,1618687359
norman wells,65.282,-126.8329,41.0,56,75,4.61,CA,1618687359
srednekolymsk,67.45,153.6833,14.11,80,100,10.67,RU,1618687033
buala,-8.145,159.5921,79.54,79,75,3.2,SB,1618686825
hirara,24.8,125.2833,69.64,62,1,28.3,JP,1618686774
waddan,29.1614,16.139,78.37,37,37,16.11,LY,1618687360
yar-sale,66.8333,70.8333,-10.26,99,74,8.55,RU,1618686650
calderitas,18.55,-88.25,90.0,70,40,11.5,MX,1618687360
korem,12.5058,39.5228,59.72,31,9,5.5,ET,1618687361
port hardy,50.6996,-127.4199,55.4,67,1,4.61,CA,1618687361
chapais,49.7834,-74.8492,50.0,46,1,5.75,CA,1618687361
nikolskoye,59.7035,30.7861,50.0,32,0,11.18,RU,1618687362
anahuac,27.2333,-100.15,66.2,55,90,11.5,MX,1618687362
aranda de duero,41.6704,-3.6892,42.06,60,0,9.95,ES,1618687362
north branch,45.5113,-92.9802,57.2,33,1,8.05,US,1618687363
guiong,6.4186,122.0258,77.0,94,75,9.66,PH,1618687363
oromocto,45.8351,-66.4792,39.2,81,90,14.97,CA,1618687364
rabo de peixe,37.8,-25.5833,64.4,94,75,8.05,PT,1618687364
mosquera,4.7059,-74.2302,66.2,52,75,11.5,CO,1618687364
esperance,-33.8667,121.9,55.4,88,0,11.5,AU,1618687365
skagen,57.7209,10.5839,52.0,51,92,4.0,DK,1618687365
porto novo,6.4965,2.6036,84.2,84,40,12.66,BJ,1618687365
cidreira,-30.1811,-50.2056,73.44,78,100,10.94,BR,1618686809
poya,-21.35,165.15,71.96,87,7,4.88,NC,1618687366
nhulunbuy,-12.2333,136.7667,80.6,74,98,10.36,AU,1618687215
hede,33.7681,120.2517,44.62,47,0,1.9,CN,1618687366
birzai,56.2,24.75,48.83,89,16,6.98,LT,1618687367
lagoa,39.05,-27.9833,61.72,91,100,17.27,PT,1618687367
kiisa,59.2369,24.6889,48.2,37,0,14.97,EE,1618687367
tumaco,1.7986,-78.8156,82.22,70,100,7.14,CO,1618687368
pitanga,-24.7572,-51.7614,69.24,75,92,3.53,BR,1618687368
santiago del estero,-27.7951,-64.2615,85.66,46,8,10.13,AR,1618687368
envira,-7.3,-70.2167,82.81,70,100,2.04,BR,1618687369
saint-pierre,-21.3393,55.4781,73.4,94,90,6.91,RE,1618686725
maldonado,-34.6667,-54.9167,73.4,68,40,13.8,UY,1618687346
plavinas,56.6178,25.7255,49.55,85,42,5.82,LV,1618687369
bantry,51.6833,-9.45,48.2,81,20,11.5,IE,1618687370
yatou,37.15,122.3833,42.71,48,0,7.85,CN,1618686974
havre-saint-pierre,50.2334,-63.5986,37.4,65,1,9.22,CA,1618686898
bathsheba,13.2167,-59.5167,86.0,54,75,19.57,BB,1618686860
port blair,11.6667,92.75,80.76,75,17,4.9,IN,1618686855
jardim,-21.4803,-56.1381,89.98,38,14,5.48,BR,1618687371
havelock,34.8791,-76.9013,68.0,49,20,9.22,US,1618687371
nelson bay,-32.7167,152.15,54.0,100,90,12.66,AU,1618687257
saint-joseph,-21.3667,55.6167,73.4,94,90,6.91,RE,1618687372
clyde river,70.4692,-68.5914,8.6,78,40,12.66,CA,1618687372
aklavik,68.2191,-135.0107,35.6,55,20,3.44,CA,1618686689
plettenberg bay,-34.0527,23.3716,66.87,40,77,3.4,ZA,1618686958
ixtapa,20.7,-105.2,82.4,54,1,8.05,MX,1618686731
los llanos de aridane,28.6585,-17.9182,68.0,68,75,16.11,ES,1618686873
kampot,10.6167,104.1833,82.4,83,40,5.75,KH,1618687373
wajir,1.7471,40.0573,86.0,66,75,9.37,KE,1618687273
suntar,62.1444,117.6319,12.76,78,100,12.1,RU,1618687224
mount gambier,-37.8333,140.7667,53.6,87,90,8.05,AU,1618686627
port shepstone,-30.7414,30.455,65.98,75,0,15.23,ZA,1618687374
svoboda nad upou,50.626,15.8165,41.0,99,100,8.99,CZ,1618687374
tuy hoa,13.0833,109.3,75.54,85,59,4.68,VN,1618686975
mehamn,71.0357,27.8492,35.01,90,16,10.83,NO,1618686644
vila velha,-20.3297,-40.2925,81.0,78,40,9.22,BR,1618686792
arlit,18.7369,7.3853,92.66,4,100,9.37,NE,1618687253
yakeshi,49.2833,120.7333,19.35,87,11,4.21,CN,1618687375
santa marta de tormes,40.9506,-5.6272,51.8,46,0,3.44,ES,1618687376
itupiranga,-5.1347,-49.3267,87.8,70,40,3.44,BR,1618686872
ust-maya,60.4167,134.5333,29.98,96,100,6.22,RU,1618687376
ribeira brava,32.65,-17.0667,62.01,84,100,1.99,PT,1618687377
meulaboh,4.1363,96.1285,77.34,86,79,3.44,ID,1618686785
maun,-19.9833,23.4167,69.8,60,0,5.75,BW,1618687377
kall,50.55,6.55,46.99,71,98,1.01,DE,1618687378
raudeberg,61.9875,5.1352,44.01,58,0,4.54,NO,1618686616
charlottesville,38.0293,-78.4767,64.99,34,75,3.49,US,1618687378
pullman,46.7313,-117.1796,64.4,20,1,9.22,US,1618687379
lubao,14.9167,120.55,78.8,83,75,2.3,PH,1618687379
shelabolikha,53.4131,82.6167,32.0,47,0,2.24,RU,1618687379
kenai,60.5544,-151.2583,44.6,56,1,8.05,US,1618687380
vicuna,-30.0319,-70.7081,80.01,24,0,4.0,CL,1618687155
bam,29.106,58.357,77.22,23,95,7.58,IR,1618687380
port macquarie,-31.4333,152.9167,53.01,98,100,1.99,AU,1618687021
shimoda,34.6667,138.95,61.0,85,100,1.99,JP,1618686965
tarko-sale,64.9225,77.785,-0.99,80,7,11.79,RU,1618687252
flinders,-34.5833,150.8552,54.0,86,9,1.01,AU,1618686982
amapa,1.0,-52.0,78.84,95,93,3.89,BR,1618686807
kavaratti,10.5669,72.642,84.36,69,7,6.85,IN,1618686831
darnah,32.767,22.6367,69.15,63,100,13.51,LY,1618686819
seymchan,62.8833,152.4333,12.15,80,67,10.92,RU,1618687382
chaohu,31.6,117.8667,48.2,87,0,2.24,CN,1618687382
kalulushi,-12.8378,28.0919,61.52,69,100,8.05,ZM,1618687383
frei paulo,-10.5494,-37.5344,80.15,68,78,9.26,BR,1618687383
mount darwin,-16.7725,31.5838,63.54,63,97,7.58,ZW,1618687383
chokurdakh,70.6333,147.9167,6.26,94,100,4.97,RU,1618687384
banda aceh,5.5577,95.3222,79.74,78,63,5.19,ID,1618687384
malmyzh,56.5205,50.6818,40.03,80,0,5.95,RU,1618687384
fereydun kenar,36.6864,52.5225,61.34,65,99,6.08,IR,1618687385
provideniya,64.3833,-173.3,27.9,97,100,5.86,RU,1618686719
port hedland,-20.3167,118.5667,75.2,57,40,8.05,AU,1618687385
tevaitoa,-16.7833,-151.5,81.77,74,100,10.27,PF,1618687228
muros,42.7762,-9.0603,61.0,52,48,3.0,ES,1618687386
kadaya,50.9327,119.2911,34.65,61,4,6.04,RU,1618687027
jacareacanga,-6.2222,-57.7528,75.13,96,100,1.72,BR,1618687386
ontario,34.0633,-117.6509,75.0,48,20,8.05,US,1618687275
korla,41.7597,86.1469,62.83,27,95,1.74,CN,1618686846
rognan,67.0953,15.3878,41.0,74,2,5.1,NO,1618687387
golden,39.7555,-105.2211,39.99,52,75,5.75,US,1618687095
athabasca,54.7169,-113.2854,60.8,28,100,6.91,CA,1618687387
iturama,-19.7281,-50.1956,78.31,59,99,6.17,BR,1618687388
kefamenanu,-9.4467,124.4781,69.22,92,99,3.0,ID,1618687388
lata,40.1629,-8.3327,60.01,73,18,2.93,PT,1618687389
mattawa,46.7379,-119.9028,72.0,26,1,3.29,US,1618686842
beringovskiy,63.05,179.3167,32.92,97,100,15.41,RU,1618686832
juba,4.8517,31.5825,79.12,58,97,2.48,SS,1618687389
pangkalanbuun,-2.6833,111.6167,73.6,95,100,0.65,ID,1618687012
andenes,69.3143,16.1194,39.0,80,20,5.75,NO,1618687390
turukhansk,65.8167,87.9833,4.53,91,100,10.71,RU,1618687390
pemangkat,1.1667,108.9667,79.02,79,100,5.3,ID,1618687390
tarauaca,-8.1614,-70.7656,80.22,73,97,5.53,BR,1618687391
shirokovskiy,58.8424,57.7832,35.01,46,25,1.01,RU,1618687391
matara,5.9485,80.5353,80.22,80,83,6.15,LK,1618687391
nanortalik,60.1432,-45.2371,25.84,51,3,33.67,GL,1618686864
san ramon,37.7799,-121.978,75.99,42,1,4.61,US,1618687392
huarmey,-10.0681,-78.1522,73.94,74,47,12.5,PE,1618686668
margate,51.3813,1.3862,48.0,66,100,4.0,GB,1618687393
peterhead,57.5058,-1.7981,45.0,81,6,11.5,GB,1618687393
ondjiva,-17.0667,15.7333,72.32,35,10,7.7,AO,1618687393
denholm,52.6501,-108.018,64.4,24,1,17.27,CA,1618687394
caxito,-8.5785,13.6643,84.2,74,20,9.22,AO,1618687394
aflao,6.116,1.1914,82.4,78,20,4.61,TG,1618687395
marau,-28.4492,-52.2,72.9,67,34,6.51,BR,1618687395
amnat charoen,15.9167,104.75,80.01,99,14,10.58,TH,1618687396
madimba,-10.4,40.3333,77.0,83,40,17.27,TZ,1618687396
aleysk,52.4926,82.7822,34.14,85,21,3.89,RU,1618687396
rehlingen-siersburg,49.3667,6.6833,48.0,55,100,1.01,DE,1618687397
tabuk,17.4189,121.4443,72.86,80,100,7.2,PH,1618687397
cedar city,37.6775,-113.0619,50.0,40,90,18.41,US,1618687397
bucerias,20.75,-105.3333,82.4,54,1,8.05,MX,1618687166
tuensang,26.2833,94.8333,59.68,90,4,3.33,IN,1618687398
constantine,36.365,6.6147,46.4,76,40,6.91,DZ,1618687280
zhigansk,66.7697,123.3711,13.26,95,100,8.81,RU,1618687398
eidsvag,62.7767,8.0668,44.6,61,27,8.05,NO,1618687334
belyy yar,53.6039,91.3903,24.8,63,0,2.24,RU,1618687399
komsomolskiy,40.4272,71.7189,59.0,47,100,4.61,UZ,1618687399
nome,64.5011,-165.4064,32.0,93,90,8.05,US,1618687400
romitan,39.9343,64.3814,64.4,55,20,4.61,UZ,1618687400
pyaozerskiy,65.8333,31.1667,30.94,95,4,2.73,RU,1618687400
kushima,31.4583,131.2333,49.89,58,92,14.09,JP,1618687401
zhangye,38.9342,100.4517,52.14,18,1,7.61,CN,1618687401
male,4.1748,73.5089,84.2,79,20,6.91,MV,1618687401
kiama,-34.6833,150.8667,54.0,87,13,1.01,AU,1618687402
sault sainte marie,46.5168,-84.3333,44.6,53,40,13.8,CA,1618687183
tambura,5.6,27.4667,80.85,43,100,3.83,SS,1618687402
syava,58.0146,46.3222,38.53,84,4,3.47,RU,1618687403
jumla,29.2747,82.1838,42.22,90,82,5.39,NP,1618687403
nagato,34.3833,131.2,53.6,43,40,14.97,JP,1618687404
santa cruz de la palma,28.6835,-17.7642,68.0,68,75,16.11,ES,1618687404
vila,42.0304,-8.1588,59.0,47,0,9.22,PT,1618687404
faanui,-16.4833,-151.75,82.4,72,99,9.84,PF,1618687405
poum,-20.2333,164.0167,77.34,78,14,14.34,NC,1618687278
weligama,5.9667,80.4167,80.51,79,88,7.23,LK,1618687405
sabzevar,36.2126,57.6819,65.41,38,0,10.71,IR,1618687406
westport,41.1415,-73.3579,55.4,44,90,11.5,US,1618687406
coos bay,43.3665,-124.2179,80.01,87,20,12.66,US,1618687406
arman,59.7,150.1667,20.71,94,100,5.75,RU,1618687407
palana,59.1167,159.9667,18.99,84,74,11.12,RU,1618687407
mountain home,43.133,-115.6912,61.0,25,1,3.0,US,1618687408
tabory,58.5198,64.5495,38.41,70,100,9.13,RU,1618687408
lakselv,70.0513,24.9718,35.6,75,0,3.44,NO,1618687408
adrar,20.5022,-10.0711,81.82,17,0,9.46,MR,1618687409
buta,2.7858,24.73,71.17,95,100,2.44,CD,1618687409
elizabeth city,36.2946,-76.2511,66.0,45,1,9.22,US,1618687410
nalut,30.3333,10.85,76.35,28,100,15.1,LY,1618687410
yarmouth,41.7057,-70.2286,46.4,66,75,17.27,US,1618687410
gopalpur,19.2667,84.9167,79.5,87,0,14.74,IN,1618687411
metsavan,41.2016,44.2288,46.4,71,40,3.44,AM,1618687411
kayankulam,9.1833,76.5,77.5,85,100,5.57,IN,1618687411
barcelos,41.5388,-8.6151,60.01,63,0,6.91,PT,1618687412
yeniseysk,58.4497,92.1703,19.18,85,41,5.53,RU,1618687412
honningsvag,70.9821,25.9704,38.61,80,4,13.13,NO,1618687412
bowen,-20.0167,148.2333,71.6,94,75,9.22,AU,1618687413
kungurtug,50.5994,97.5228,33.82,84,100,4.07,RU,1618687413
miraflores,19.2167,-98.8083,84.2,18,20,17.27,MX,1618687413
flin flon,54.7682,-101.865,50.0,43,75,9.22,CA,1618687414
lugo,43.0,-7.5,50.0,66,0,4.0,ES,1618687414
phalombe,-15.8064,35.6507,62.91,95,100,6.04,MW,1618687414
nizwa,22.9333,57.5333,83.05,18,78,4.27,OM,1618687155
tazmalt,36.3868,4.3989,49.39,77,17,2.71,DZ,1618687415
the valley,18.217,-63.0578,86.0,74,20,13.8,AI,1618687116
itoman,26.1247,127.6694,66.2,59,20,23.02,JP,1618687415
barinas,8.6226,-70.2075,91.44,41,99,5.23,VE,1618687416
galle,6.0367,80.217,81.59,77,100,10.2,LK,1618687416
ranikhet,29.65,79.4167,46.49,80,0,6.11,IN,1618687416
boulder city,35.9786,-114.8325,70.0,18,1,18.41,US,1618687417
noumea,-22.2763,166.4572,75.0,94,0,8.03,NC,1618687417
kuching,1.55,110.3333,75.2,94,40,4.61,MY,1618687417
kysyl-syr,63.8986,122.7617,12.22,89,100,12.62,RU,1618687418
quang ngai,15.1167,108.8,70.95,92,6,4.63,VN,1618687418
kadoma,34.7333,135.5833,51.01,60,51,6.38,JP,1618687419
baiima,8.1,-11.85,78.39,80,100,2.35,SL,1618687419
shache,38.4167,77.2406,59.94,36,99,4.38,CN,1618687419
ugoofaaru,5.6667,73.0,83.44,73,77,7.4,MV,1618687420
tura,25.5198,90.2201,67.59,81,0,5.14,IN,1618687420
bandarbeyla,9.4942,50.8122,81.27,74,5,11.86,SO,1618687420
gallup,35.5281,-108.7426,48.2,43,90,8.05,US,1618687421
ipaba,-19.4136,-42.4194,82.4,51,0,4.61,BR,1618687215
palmas bellas,9.2319,-80.0867,81.0,85,100,4.0,PA,1618687421
seoul,37.5683,126.9778,46.4,75,0,6.91,KR,1618687140
hokitika,-42.7167,170.9667,51.49,81,100,1.34,NZ,1618687422
verkhnevilyuysk,63.4453,120.3167,11.75,83,100,13.35,RU,1618687422
verkhnyaya inta,65.9811,60.3094,12.83,86,21,10.04,RU,1618687423
lima,-12.0432,-77.0282,75.99,68,0,13.8,PE,1618687326
egvekinot,66.3167,-179.1667,27.23,98,100,19.75,RU,1618687423
sao domingos,-13.3983,-46.3183,86.61,33,100,4.85,BR,1618687424
kaduna,10.5222,7.4383,86.29,30,89,6.13,NG,1618687424
kamenka,51.3223,42.7678,43.0,93,0,1.1,RU,1618687424
thaton,16.9206,97.3714,76.82,86,53,2.8,MM,1618687425
orodara,10.9492,-4.9342,82.4,69,0,4.61,BF,1618687425
torbay,47.6666,-52.7314,41.0,81,90,20.71,CA,1618687425
terrace bay,48.7834,-87.1,42.8,52,75,8.05,CA,1618687426
tacoronte,28.4769,-16.4102,69.01,82,75,18.41,ES,1618687426
marzuq,14.4,46.4667,70.83,54,0,5.55,YE,1618687426
olafsvik,64.8945,-23.7142,36.59,93,100,9.37,IS,1618687427
ladario,-19.0047,-57.6017,87.8,62,40,4.61,BR,1618687427
edgewater,28.9889,-80.9023,84.2,61,75,11.5,US,1618687427
ascension,30.2169,-90.9001,64.4,88,90,6.91,US,1618687428
sao miguel do araguaia,-13.275,-50.1628,86.76,51,100,1.39,BR,1618687428
palu,-0.8917,119.8707,75.24,94,100,2.64,ID,1618687428
mahibadhoo,3.7833,72.9667,83.44,72,31,10.04,MV,1618687429
lavrentiya,65.5833,-171.0,31.08,90,100,12.21,RU,1618687429
paragominas,-2.9667,-47.4833,77.63,87,100,3.27,BR,1618687430
saint-georges,12.0564,-61.7485,86.0,66,20,23.02,GD,1618687430
half moon bay,37.4636,-122.4286,66.0,67,1,9.22,US,1618687430
puerto lopez,4.0845,-72.956,74.84,92,100,3.87,CO,1618687431
whitehorse,60.7161,-135.0538,48.2,37,20,6.91,CA,1618687431
tuatapere,-46.1333,167.6833,51.01,93,92,7.0,NZ,1618687431
saint petersburg,59.8944,30.2642,50.0,32,0,11.18,RU,1618687251
anloga,5.7947,0.8973,82.4,78,20,4.61,GH,1618687301
reguengos de monsaraz,38.4253,-7.5349,68.0,42,20,8.05,PT,1618687432
ciparay,-7.4249,108.4742,74.28,94,99,1.9,ID,1618687432
waipawa,-41.4122,175.5153,55.0,87,7,8.05,NZ,1618687433
porto walter,-8.2686,-72.7439,80.2,88,99,3.69,BR,1618687433
byron bay,-28.65,153.6167,59.0,82,75,10.36,AU,1618687433
ravar,31.2656,56.8055,71.49,20,100,7.74,IR,1618687434
kjollefjord,70.9457,27.3465,35.74,87,5,9.37,NO,1618687434
guadalupe y calvo,26.1,-106.9667,66.69,18,0,13.31,MX,1618687435
mnogovershinnyy,53.9353,139.9242,22.44,98,52,2.62,RU,1618687435
monrovia,6.3005,-10.7969,80.6,83,75,4.61,LR,1618687435
kandrian,-6.2167,149.55,76.03,88,37,7.0,PG,1618687390
beyneu,45.3167,55.2,65.57,29,62,6.87,KZ,1618687436
bhagalpur,25.25,87.0,84.7,48,100,8.43,IN,1618687436
muravlenko,63.7898,74.523,-4.5,97,17,10.16,RU,1618687436
la asuncion,11.0333,-63.8628,82.38,68,32,20.96,VE,1618687437
karabuk,41.2049,32.6277,57.99,89,100,4.14,TR,1618687437
asau,46.4333,26.4,46.99,43,100,2.1,RO,1618687438
bac lieu,9.285,105.7244,80.82,77,29,5.39,VN,1618687438
tabou,4.423,-7.3528,80.13,79,100,5.95,CI,1618687438
leshukonskoye,64.8989,45.7622,29.86,80,40,7.23,RU,1618687439
volkhov,59.9258,32.3382,39.0,30,27,7.47,RU,1618687439
isla mujeres,21.2311,-86.731,87.8,66,40,24.16,MX,1618687439
zapolyarnyy,69.4154,30.8136,35.6,93,40,3.13,RU,1618687440
homer,59.6425,-151.5483,42.8,70,1,3.44,US,1618687440
moss vale,-34.55,150.3833,54.0,100,90,6.91,AU,1618687440
parang,7.3704,124.2697,77.97,85,100,6.67,PH,1618687441
okitipupa,6.5047,4.7839,78.46,89,100,2.64,NG,1618687441
istmina,5.1605,-76.684,90.09,52,90,4.03,CO,1618687441
launceston,-41.45,147.1667,45.0,100,10,10.36,AU,1618687442
rocha,-34.4833,-54.3333,71.91,63,8,7.27,UY,1618687442
narrabri,-30.3167,149.7833,48.2,93,0,11.5,AU,1618687443
kudahuvadhoo,2.6708,72.8944,82.99,69,29,7.99,MV,1618687274
antofagasta,-23.65,-70.4,72.0,68,20,13.8,CL,1618687443
griffith,41.5284,-87.4237,50.0,62,1,9.22,US,1618687443
scarborough,54.2797,-0.4044,43.0,68,100,3.0,GB,1618687444
saskatoon,52.1168,-106.6345,62.6,22,40,4.61,CA,1618687265
port lincoln,-34.7333,135.8667,57.38,79,5,4.65,AU,1618687444
garden city,42.3256,-83.331,60.8,44,75,4.61,US,1618687445
tupik,54.4253,119.9327,27.79,88,100,3.38,RU,1618687445
skelleftea,64.7507,20.9528,42.8,56,8,3.44,SE,1618687445
san carlos del zulia,9.0,-71.9135,92.21,50,52,5.32,VE,1618687446
yankton,42.8711,-97.3973,50.0,66,90,14.97,US,1618687446
bakel,14.905,-12.4568,100.51,11,6,8.05,SN,1618687446
conceicao do almeida,-12.7794,-39.17,81.54,55,80,8.9,BR,1618687447
mazatlan,23.2167,-106.4167,84.2,48,40,13.8,MX,1618687447
montrose,38.4166,-108.2673,45.0,39,92,5.01,US,1618687447
kropotkin,45.4375,40.5756,47.77,92,100,5.19,RU,1618687448
nyzhni sirohozy,46.8484,34.3804,44.51,71,17,7.14,UA,1618687448
chiantla,15.3547,-91.4583,82.4,34,75,6.91,GT,1618687448
busselton,-33.65,115.3333,51.01,88,0,8.84,AU,1618690592
ratnagiri,16.9833,73.3,81.28,76,0,9.42,IN,1618690703
bengkulu,-3.8004,102.2655,75.11,88,100,3.15,ID,1618690676
jamestown,42.097,-79.2353,48.0,70,90,8.05,US,1618690540
kavieng,-2.5744,150.7967,81.59,79,98,10.49,PG,1618690703
yumen,40.2833,97.2,50.56,16,95,3.98,CN,1618690646
vaini,-21.2,-175.2,75.2,83,20,4.61,TO,1618690596
arraial do cabo,-22.9661,-42.0278,78.8,83,40,17.27,BR,1618690704
geraldton,-28.7667,114.6,64.4,45,47,2.3,AU,1618690704
bethel,41.3712,-73.414,50.0,62,100,6.58,US,1618690705
port alfred,-33.5906,26.891,65.12,69,17,15.61,ZA,1618690705
havoysund,70.9963,24.6622,37.4,70,0,12.24,NO,1618690705
zherdevka,51.8486,41.4606,43.92,87,23,4.63,RU,1618690706
atuona,-9.8,-139.0333,80.31,76,32,18.88,PF,1618690554
bluff,-46.6,168.3333,53.01,86,100,13.0,NZ,1618690574
west wendover,40.7391,-114.0733,53.6,22,40,9.22,US,1618690706
yeppoon,-23.1333,150.7333,64.4,72,1,5.75,AU,1618690707
uglekamensk,43.2172,133.2303,37.26,65,73,4.63,RU,1618690707
tiksi,71.6872,128.8694,4.51,96,100,10.94,RU,1618690708
faya,18.3851,42.4509,60.8,58,40,4.59,SA,1618690708
georgetown,5.4112,100.3354,80.6,89,20,5.75,MY,1618690593
victoria,22.2855,114.1577,73.99,73,98,1.01,HK,1618690502
caravelas,-17.7125,-39.2481,77.32,74,75,7.2,BR,1618690709
glenn heights,32.5488,-96.8567,60.8,58,1,12.66,US,1618690709
ponta do sol,32.6667,-17.1,60.01,65,98,1.01,PT,1618690709
paita,-5.0892,-81.1144,80.6,57,0,14.97,PE,1618690710
karratha,-20.7377,116.8463,80.55,51,0,6.76,AU,1618690710
east london,-33.0153,27.9116,66.22,72,100,15.26,ZA,1618690582
punta arenas,-53.15,-70.9167,51.8,66,75,6.91,CL,1618690711
wattegama,6.7989,81.4808,75.06,89,91,4.92,LK,1618690711
carnarvon,-24.8667,113.6333,76.33,69,0,5.99,AU,1618690712
emba,48.8264,58.1442,54.75,71,100,1.72,KZ,1618690712
mizdah,31.4451,12.9801,64.67,55,100,13.89,LY,1618690712
ormara,25.2088,64.6357,79.83,80,10,9.13,PK,1618690713
soyo,-6.1349,12.3689,80.28,87,100,5.21,AO,1618690713
sant julia de loria,42.4625,1.4825,32.0,91,24,7.63,AD,1618690713
berlevag,70.8578,29.0864,37.36,87,59,10.78,NO,1618690609
albany,42.6001,-73.9662,50.0,53,100,6.89,US,1618690644
new norfolk,-42.7826,147.0587,54.0,79,99,4.0,AU,1618690585
wheeling,42.1392,-87.929,55.99,43,1,10.36,US,1618690458
saint george,37.1041,-113.5841,66.99,25,40,11.5,US,1618690527
mar del plata,-38.0023,-57.5575,69.8,83,0,11.5,AR,1618690500
tual,-5.6667,132.75,82.72,75,100,13.56,ID,1618690715
constitucion,-35.3333,-72.4167,61.83,72,72,5.41,CL,1618690557
shenjiamen,29.9576,122.298,53.13,54,100,1.5,CN,1618690715
svetlaya,46.5389,138.3297,35.71,93,100,9.98,RU,1618690715
avarua,-21.2078,-159.775,82.4,74,40,8.05,CK,1618690589
rikitea,-23.1203,-134.9692,77.16,68,100,8.95,PF,1618690716
hofn,64.2539,-15.2082,44.67,98,100,15.1,IS,1618690716
quatre cocos,-20.2078,57.7625,79.0,88,75,6.91,MU,1618690717
xining,36.6167,101.7667,40.42,44,0,1.68,CN,1618690717
parnarama,-5.6817,-43.0933,79.25,87,99,0.78,BR,1618690717
koslan,63.4564,48.8989,30.38,70,84,10.13,RU,1618690718
qostanay,53.1667,63.5833,42.8,87,19,4.47,KZ,1618690718
yellowknife,62.456,-114.3525,35.01,64,75,9.22,CA,1618690718
aksarka,66.5606,67.7975,-11.85,99,58,4.94,RU,1618690719
klaksvik,62.2266,-6.589,46.4,76,100,23.02,FO,1618690719
evensk,61.95,159.2333,13.87,93,100,1.28,RU,1618690720
dunedin,-45.8742,170.5036,53.01,72,100,1.01,NZ,1618690720
pavlodar,52.3,76.95,30.2,69,0,4.47,KZ,1618690720
ancud,-41.8697,-73.8203,59.0,77,75,6.91,CL,1618690455
mataura,-46.1927,168.8643,53.01,86,100,13.0,NZ,1618690595
kaitangata,-46.2817,169.8464,52.0,75,100,4.0,NZ,1618690721
alofi,-19.0595,-169.9187,80.6,78,40,5.75,NU,1618690713
hithadhoo,-0.6,73.0833,82.27,62,9,5.97,MV,1618690722
sitka,57.0531,-135.33,53.6,54,40,1.97,US,1618690722
vinh long,10.25,105.9667,76.69,88,6,4.68,VN,1618690495
grand gaube,-20.0064,57.6608,79.0,86,20,9.24,MU,1618690722
baruun-urt,46.6806,113.2792,41.63,25,0,11.99,MN,1618690723
batagay,67.6333,134.6333,2.71,87,39,5.79,RU,1618690723
kapaa,22.0752,-159.319,73.4,73,40,13.8,US,1618690699
narsaq,60.9167,-46.05,28.4,31,1,10.36,GL,1618690604
santa maria,-29.6842,-53.8069,82.4,54,40,8.05,BR,1618690724
bonga,7.2833,36.2333,59.67,95,43,2.44,ET,1618690724
saint-philippe,-21.3585,55.7679,75.2,88,90,3.44,RE,1618690725
fort nelson,58.8053,-122.7002,41.0,81,90,9.22,CA,1618690725
cape town,-33.9258,18.4232,72.0,82,0,3.44,ZA,1618690719
asyut,27.181,31.1837,80.6,29,0,10.36,EG,1618690726
ushuaia,-54.8,-68.3,60.8,39,40,13.8,AR,1618690726
gat,31.61,34.7642,71.01,73,60,4.54,IL,1618690504
kloulklubed,7.0419,134.2556,80.6,83,90,11.5,PW,1618690510
college,64.8569,-147.8028,42.8,49,1,2.51,US,1618690727
maceio,-9.6658,-35.7353,80.6,78,75,9.22,BR,1618690727
biak,-0.9131,122.8766,74.66,81,86,4.56,ID,1618690727
naze,28.3667,129.4833,59.02,55,69,19.04,JP,1618690505
roma,43.2128,-75.4557,50.0,57,90,11.5,US,1618690445
raga,8.4596,25.678,83.68,16,52,3.36,SS,1618690728
richards bay,-28.783,32.0377,61.86,74,1,7.63,ZA,1618690585
maxixe,-23.8597,35.3472,68.0,77,40,5.75,MZ,1618690729
gazojak,41.1875,61.4036,68.2,21,2,6.93,TM,1618690729
port elizabeth,-33.918,25.5701,57.2,94,40,2.3,ZA,1618690600
los alamos,35.8881,-106.307,42.01,69,90,14.97,US,1618690729
cabo san lucas,22.8909,-109.9124,84.0,34,1,5.75,MX,1618690532
wamba,8.9333,8.6,83.59,55,100,0.6,NG,1618690730
ende,-8.8432,121.6623,76.62,85,86,2.13,ID,1618690730
severo-kurilsk,50.6789,156.125,36.5,71,100,5.57,RU,1618690626
puerto ayora,-0.7393,-90.3518,80.01,94,90,2.3,EC,1618690731
isangel,-19.55,169.2667,77.97,84,98,12.35,VU,1618690731
saldanha,-33.0117,17.9442,68.0,34,0,8.19,ZA,1618690731
lamu,-2.2717,40.902,82.4,83,1,9.22,KE,1618690500
merrill,45.1805,-89.6835,57.2,24,1,4.61,US,1618690732
katsuura,35.1333,140.3,60.8,77,40,23.02,JP,1618690732
ostrovnoy,68.0531,39.5131,30.25,82,88,2.8,RU,1618690640
emporia,38.4039,-96.1817,48.2,81,90,8.05,US,1618690569
mahebourg,-20.4081,57.7,77.0,88,75,6.91,MU,1618690571
cayenne,4.9333,-52.3333,84.2,70,70,14.97,GF,1618690590
qaanaaq,77.484,-69.3632,-0.99,90,100,1.16,GL,1618690733
airai,-8.9266,125.4092,57.92,85,90,2.42,TL,1618690572
hobart,-42.8794,147.3294,55.4,62,75,12.66,AU,1618690734
severo-yeniseyskiy,60.3725,93.0408,15.44,88,100,9.17,RU,1618690734
saskylakh,71.9167,114.0833,7.54,94,100,11.43,RU,1618690586
sao filipe,14.8961,-24.4956,71.91,73,0,13.06,CV,1618690735
cabatuan,10.8794,122.486,76.21,80,100,4.29,PH,1618690735
kidal,18.4411,1.4078,93.85,5,100,7.52,ML,1618690736
bonthe,7.5264,-12.505,79.48,78,100,2.59,SL,1618690736
ribeira grande,38.5167,-28.7,64.4,94,20,10.36,PT,1618690736
hilo,19.7297,-155.09,80.6,54,20,4.61,US,1618690579
trairi,-3.2778,-39.2689,79.48,83,16,9.44,BR,1618690700
coihaique,-45.5752,-72.0662,57.2,62,75,3.44,CL,1618690737
kutulik,53.3508,102.7839,26.11,74,100,13.06,RU,1618690737
shetpe,44.1667,52.1167,61.38,39,98,5.59,KZ,1618690738
longyearbyen,78.2186,15.6401,24.8,86,90,28.77,SJ,1618690513
souillac,-20.5167,57.5167,77.0,88,75,6.91,MU,1618690738
haines junction,60.7522,-137.5108,53.6,26,12,4.61,CA,1618690738
chiredzi,-21.05,31.6667,60.19,57,0,5.79,ZW,1618690739
ahipara,-35.1667,173.1667,60.37,57,91,4.9,NZ,1618690721
new richmond,45.123,-92.5366,59.0,25,1,10.36,US,1618690560
leh,34.1667,77.5833,35.69,80,100,3.36,IN,1618690740
boguchany,58.3814,97.4531,13.03,96,14,2.84,RU,1618690740
kalamare,-22.9337,26.5703,59.79,58,0,9.48,BW,1618690741
barrow,71.2906,-156.7887,26.6,80,1,13.8,US,1618690566
agapovka,53.2973,59.1348,53.6,43,12,6.71,RU,1618690741
puerto carreno,6.189,-67.4859,92.53,44,95,2.26,CO,1618690741
guantanamo,20.1444,-75.2092,84.2,70,20,6.91,CU,1618690742
udachnyy,66.4167,112.4,0.18,93,100,11.36,RU,1618690742
puerto escondido,15.85,-97.0667,86.0,70,20,10.36,MX,1618690743
lebu,-37.6167,-73.65,60.12,74,58,6.62,CL,1618690743
terney,45.0503,136.6092,36.63,86,87,6.93,RU,1618690743
fortuna,40.5982,-124.1573,55.99,82,20,13.8,US,1618690688
kununurra,-15.7667,128.7333,75.2,46,37,8.05,AU,1618690744
te anau,-45.4167,167.7167,50.05,94,100,6.22,NZ,1618690637
dukat,62.55,155.55,16.65,69,39,12.01,RU,1618690744
erenhot,43.6475,111.9767,45.75,23,0,16.04,CN,1618690700
hamilton,39.1834,-84.5333,54.0,66,90,8.05,US,1618690745
lompoc,34.6391,-120.4579,71.01,63,1,17.27,US,1618690745
butaritari,3.0707,172.7902,82.22,75,100,6.89,KI,1618690694
bredasdorp,-34.5322,20.0403,50.0,93,0,5.75,ZA,1618690682
lazaro cardenas,17.9583,-102.2,83.68,48,0,11.72,MX,1618690498
husavik,66.0449,-17.3389,41.0,87,90,5.66,IS,1618690746
sao joao da barra,-21.6403,-41.0511,77.0,78,40,11.5,BR,1618690673
luderitz,-26.6481,15.1594,77.11,38,30,1.16,NA,1618690747
cam ranh,11.9214,109.1591,77.0,88,40,3.44,VN,1618690747
troitskoye,52.9821,84.6757,29.98,88,60,3.18,RU,1618690747
hermanus,-34.4187,19.2345,66.99,57,0,1.01,ZA,1618690748
sparta,43.9441,-90.8129,60.01,21,65,3.44,US,1618690748
pacific grove,36.6177,-121.9166,62.01,63,1,9.22,US,1618690463
midland,31.9974,-102.0779,45.0,81,75,8.05,US,1618690549
tiruchchendur,8.4833,78.1167,84.02,74,100,13.96,IN,1618690749
laguna,38.421,-121.4238,84.0,11,1,8.05,US,1618690749
acarau,-2.8856,-40.12,80.78,79,7,13.73,BR,1618690749
iqaluit,63.7506,-68.5145,19.4,58,20,4.61,CA,1618690517
thompson,55.7435,-97.8558,33.8,60,90,11.5,CA,1618690713
narok,-1.0783,35.8601,59.79,79,72,10.51,KE,1618690750
khatanga,71.9667,102.5,0.9,96,100,10.49,RU,1618690576
vanimo,-2.6741,141.3028,76.26,88,100,5.12,PG,1618690750
nishihara,26.1842,127.7558,66.2,67,40,13.8,JP,1618690751
talcahuano,-36.7167,-73.1167,59.0,82,90,10.36,CL,1618690751
saravan,39.7196,45.6483,57.2,51,41,11.5,AM,1618690752
tautira,-17.7333,-149.15,86.0,70,20,12.66,PF,1618690752
mlonggo,-6.5333,110.7,77.7,81,100,4.5,ID,1618690752
mount isa,-20.7333,139.5,68.0,32,0,16.11,AU,1618690753
guerrero negro,27.9769,-114.0611,66.24,57,2,19.06,MX,1618690753
takoradi,4.8845,-1.7554,82.13,77,52,10.76,GH,1618690572
port-gentil,-0.7193,8.7815,82.4,89,20,4.61,GA,1618690754
santa cruz,-17.8,-63.1667,78.8,78,75,6.91,BO,1618690509
melfort,52.8667,-104.6177,62.6,27,88,12.66,CA,1618690754
pevek,69.7008,170.3133,17.89,96,93,8.7,RU,1618690755
castle rock,39.3722,-104.8561,37.99,63,100,1.99,US,1618690755
tuktoyaktuk,69.4541,-133.0374,28.4,74,40,9.22,CA,1618690755
miri,4.4148,114.0089,77.0,94,40,2.3,MY,1618690742
marovoay,-16.1,46.6333,82.4,78,20,6.91,MG,1618690756
urcos,-13.6861,-71.6228,69.8,23,40,2.3,PE,1618690756
callaguip,18.0714,120.4867,78.15,70,88,12.66,PH,1618690757
fukue,32.6881,128.8419,53.91,50,6,27.49,JP,1618690757
salalah,17.0151,54.0924,80.6,83,0,2.3,OM,1618690757
dicabisagan,17.0818,122.4157,77.14,83,100,11.32,PH,1618690758
altay,47.8667,88.1167,44.73,60,28,5.88,CN,1618690583
cherskiy,68.75,161.3,18.25,72,2,24.27,RU,1618690758
tharad,24.3961,71.6267,82.26,48,0,7.31,IN,1618690759
yulara,-25.2406,130.9889,53.6,58,0,6.91,AU,1618690759
mugla,37.2303,28.3557,78.8,22,75,29.93,TR,1618690474
vestmannaeyjar,63.4427,-20.2734,40.35,94,100,12.97,IS,1618690759
ust-nera,64.5667,143.2,23.11,87,100,6.93,RU,1618690760
heinola,61.2056,26.0381,44.6,45,0,8.05,FI,1618690760
dongsheng,39.8161,109.9776,39.02,27,0,8.59,CN,1618690761
saint-augustin,51.226,-58.6502,37.8,55,0,14.81,CA,1618690761
istok,42.7808,20.4875,37.0,87,75,12.66,XK,1618690746
palmer,42.1584,-72.3287,51.01,53,75,9.22,US,1618690762
dikson,73.5069,80.5464,-16.6,100,29,3.44,RU,1618690690
ballina,-28.8667,153.5667,59.0,82,75,10.36,AU,1618690483
bennettsville,34.6174,-79.6848,71.6,35,40,9.22,US,1618690762
schoneiche,52.4667,13.6833,48.99,93,90,5.75,DE,1618690763
kutum,14.2,24.6667,74.73,10,24,8.7,SD,1618690676
den helder,52.9599,4.7593,43.0,87,98,5.75,NL,1618690763
ketchikan,55.3422,-131.6461,53.6,54,1,11.5,US,1618690764
ovalle,-30.5983,-71.2003,78.91,38,0,7.34,CL,1618690764
kirillov,59.863,38.3813,44.6,42,0,11.18,RU,1618690764
mackenzie,55.2999,-123.1698,55.4,38,1,4.61,CA,1618690765
kisangani,0.5167,25.2,75.4,83,97,1.07,CD,1618690765
san quintin,30.4833,-115.95,63.41,65,0,16.84,MX,1618690765
castro,-24.7911,-50.0119,65.44,87,85,3.24,BR,1618690766
zhadovka,53.5746,46.9498,48.61,65,0,12.06,RU,1618690766
namtsy,62.7161,129.6658,23.0,74,20,8.95,RU,1618690766
wainwright,52.839,-110.8572,64.4,21,100,11.5,CA,1618690506
bambous virieux,-20.3428,57.7575,79.0,88,75,6.91,MU,1618690767
jodhpur,26.2867,73.03,83.08,22,8,10.25,IN,1618690705
shaowu,27.3409,117.4831,62.06,73,98,1.77,CN,1618690768
awjilah,29.1081,21.2869,90.41,9,71,7.72,LY,1618690768
rajmahal,25.05,87.8333,83.64,48,96,5.73,IN,1618690768
upernavik,72.7868,-56.1549,8.85,78,100,6.49,GL,1618690604
gonzaga,44.9498,10.8209,48.99,66,18,4.85,IT,1618690769
nieuw amsterdam,5.8833,-55.0833,86.0,62,40,16.11,SR,1618690769
angoche,-16.2325,39.9086,76.32,65,100,14.92,MZ,1618690770
chara,56.9064,118.2631,27.41,96,100,2.86,RU,1618690770
honiara,-9.4333,159.95,78.19,87,76,3.44,SB,1618690515
abu samrah,35.3029,37.1841,70.99,34,100,4.54,SY,1618690770
peniche,39.3558,-9.3811,60.01,87,100,3.0,PT,1618690771
kharovsk,59.9642,40.1912,38.43,83,12,4.85,RU,1618690771
san lawrenz,36.0553,14.204,59.0,77,20,4.61,MT,1618690771
tshela,-4.9833,12.9333,74.75,91,93,1.16,CD,1618690772
cockburn town,21.4612,-71.1419,82.4,69,20,9.22,TC,1618690733
pacifica,37.6138,-122.4869,60.8,59,20,20.71,US,1618690772
chifeng,42.2683,118.9636,38.98,24,0,6.15,CN,1618690773
katobu,-4.9408,122.5276,73.81,90,45,2.3,ID,1618690773
xai-xai,-25.0519,33.6442,68.94,54,100,5.3,MZ,1618690505
kuldur,49.2167,131.6333,36.36,91,94,2.8,RU,1618690774
yen bai,21.7,104.8667,69.26,97,100,1.41,VN,1618690774
northam,51.0333,-4.2167,48.0,60,100,4.7,GB,1618690774
pontal do parana,-25.6533,-48.5128,63.0,99,100,3.56,BR,1618690775
chuy,-33.6971,-53.4616,69.48,75,2,7.25,UY,1618690775
mwinilunga,-11.7358,24.4293,62.74,88,100,3.89,ZM,1618690775
lorengau,-2.0226,147.2712,80.4,77,66,12.35,PG,1618690776
dingle,10.9995,122.6711,76.78,79,100,10.0,PH,1618690638
priargunsk,50.3691,119.1012,34.27,61,0,6.22,RU,1618690776
abaza,52.655,90.0928,29.07,95,98,2.17,RU,1618690777
praia da vitoria,38.7333,-27.0667,68.0,77,40,8.14,PT,1618690777
nabire,-3.3667,135.4833,74.62,92,100,3.13,ID,1618690575
ambon,-3.6954,128.1814,77.0,88,40,5.75,ID,1618690778
san policarpo,12.1791,125.5072,77.4,94,100,28.27,PH,1618690778
ilulissat,69.2167,-51.1,8.6,61,75,10.36,GL,1618690714
asfi,32.2994,-9.2372,63.82,83,7,16.71,MA,1618690778
tilichiki,60.4667,166.1,20.84,87,98,9.55,RU,1618690718
bereda,43.2686,-7.5406,46.0,82,2,5.01,ES,1618690779
cayeli,41.0923,40.7292,54.3,89,95,3.94,TR,1618690755
kalashnikovo,57.2824,35.2262,44.96,60,80,10.07,RU,1618690779
guarapari,-20.6667,-40.4975,78.01,78,40,5.75,BR,1618690780
atambua,-9.1061,124.8925,71.19,89,92,3.56,ID,1618690780
christchurch,-43.5333,172.6333,46.99,100,9,2.3,NZ,1618690770
moose factory,51.2585,-80.6094,35.6,80,40,14.97,CA,1618690781
banjar,-8.19,114.9675,80.6,89,20,2.3,ID,1618690781
coro,11.4045,-69.6734,86.79,63,100,24.67,VE,1618690781
vardo,70.3705,31.1107,32.0,100,90,5.75,NO,1618690588
goderich,43.7501,-81.7165,41.0,87,94,6.91,CA,1618690782
peleduy,59.6289,112.7406,0.86,98,72,4.14,RU,1618690782
tateyama,34.9833,139.8667,60.8,77,40,23.02,JP,1618690783
kodiak,57.79,-152.4072,44.6,76,90,4.61,US,1618690620
kruisfontein,-34.0033,24.7314,61.57,44,45,3.04,ZA,1618690783
tasiilaq,65.6145,-37.6368,26.6,86,75,3.58,GL,1618690722
brae,60.3964,-1.353,42.8,87,0,18.41,GB,1618690784
iralaya,15.0,-83.2333,89.6,70,40,10.36,HN,1618690784
paso de carrasco,-34.8603,-56.0522,73.4,73,0,11.5,UY,1618690784
lewistown,40.5992,-77.5714,55.4,65,20,8.05,US,1618690785
bay roberts,47.5999,-53.2648,39.0,86,100,7.0,CA,1618690785
sobolevo,54.4299,31.8996,50.99,88,100,14.5,RU,1618690785
lujiang,31.2581,117.2817,48.2,93,0,2.46,CN,1618690786
touros,-5.1989,-35.4608,80.6,83,40,8.05,BR,1618690786
kahului,20.8947,-156.47,73.4,88,40,13.8,US,1618690787
tukrah,32.5341,20.5791,69.64,61,100,2.84,LY,1618690787
salina cruz,16.1667,-95.2,87.75,51,23,17.9,MX,1618690787
coquimbo,-29.9533,-71.3436,60.8,77,75,11.5,CL,1618690556
dakoro,14.5106,6.765,86.77,6,79,6.06,NE,1618690632
belmonte,-15.8631,-38.8828,78.8,73,20,8.05,BR,1618690788
wildeshausen,52.9,8.4333,46.4,71,0,5.75,DE,1618690788
mayumba,-3.432,10.6554,79.92,87,75,6.55,GA,1618690776
victoria point,-27.5833,153.3,60.01,87,82,1.01,AU,1618690789
trud,42.2333,24.7333,48.2,71,90,6.91,BG,1618690789
san cristobal,7.7669,-72.225,91.4,43,40,6.91,VE,1618690789
makakilo city,21.3469,-158.0858,78.8,57,1,10.36,US,1618690723
kovdor,67.5662,30.4758,30.0,95,3,0.96,RU,1618690790
codrington,-38.2667,141.9667,51.51,93,53,7.23,AU,1618690791
union,40.6334,-74.2663,54.0,50,90,6.91,US,1618690791
norman wells,65.282,-126.8329,42.8,52,20,5.75,CA,1618690617
srednekolymsk,67.45,153.6833,17.35,79,100,11.5,RU,1618690724
buala,-8.145,159.5921,80.11,79,65,3.76,SB,1618690792
hirara,24.8,125.2833,69.21,63,3,28.61,JP,1618690792
waddan,29.1614,16.139,78.13,36,66,10.0,LY,1618690792
yar-sale,66.8333,70.8333,-10.28,99,71,8.77,RU,1618690793
calderitas,18.55,-88.25,91.0,70,40,11.5,MX,1618690793
korem,12.5058,39.5228,57.92,35,9,4.94,ET,1618690793
port hardy,50.6996,-127.4199,59.0,55,1,4.61,CA,1618690794
chapais,49.7834,-74.8492,51.8,40,1,8.05,CA,1618690780
nikolskoye,59.7035,30.7861,48.2,34,0,8.95,RU,1618690794
anahuac,27.2333,-100.15,68.0,52,90,9.22,MX,1618690795
aranda de duero,41.6704,-3.6892,39.09,67,0,8.12,ES,1618690795
north branch,45.5113,-92.9802,59.0,30,1,12.66,US,1618690737
guiong,6.4186,122.0258,79.54,86,100,9.93,PH,1618690795
oromocto,45.8351,-66.4792,37.99,81,90,10.36,CA,1618690796
rabo de peixe,37.8,-25.5833,62.6,100,75,10.36,PT,1618690796
mosquera,4.7059,-74.2302,64.4,52,75,10.36,CO,1618690797
esperance,-33.8667,121.9,53.6,87,0,10.36,AU,1618690711
skagen,57.7209,10.5839,51.01,52,81,5.01,DK,1618690797
porto novo,6.4965,2.6036,84.2,84,20,13.8,BJ,1618690698
cidreira,-30.1811,-50.2056,72.64,80,100,10.74,BR,1618690798
poya,-21.35,165.15,73.0,86,7,4.59,NC,1618690798
nhulunbuy,-12.2333,136.7667,82.4,65,64,11.5,AU,1618690798
hede,33.7681,120.2517,44.2,45,1,1.97,CN,1618690799
birzai,56.2,24.75,48.07,90,12,7.25,LT,1618690799
lagoa,39.05,-27.9833,61.61,91,96,17.05,PT,1618690601
kiisa,59.2369,24.6889,46.99,39,0,13.8,EE,1618690799
tumaco,1.7986,-78.8156,82.0,71,100,7.96,CO,1618690800
pitanga,-24.7572,-51.7614,65.75,86,95,3.38,BR,1618690800
santiago del estero,-27.7951,-64.2615,85.44,47,10,7.72,AR,1618690783
envira,-7.3,-70.2167,81.86,75,100,2.46,BR,1618690801
saint-pierre,-21.3393,55.4781,73.4,88,90,3.44,RE,1618690801
maldonado,-34.6667,-54.9167,72.0,73,20,11.5,UY,1618690801
plavinas,56.6178,25.7255,51.01,80,68,6.29,LV,1618690802
bantry,51.6833,-9.45,46.4,81,75,8.05,IE,1618690811
yatou,37.15,122.3833,42.26,53,0,7.38,CN,1618690811
havre-saint-pierre,50.2334,-63.5986,37.4,65,1,13.8,CA,1618690811
bathsheba,13.2167,-59.5167,84.2,58,40,19.57,BB,1618690812
port blair,11.6667,92.75,80.6,74,32,4.88,IN,1618690812
jardim,-21.4803,-56.1381,80.76,58,53,3.91,BR,1618690572
havelock,34.8791,-76.9013,68.0,49,40,3.44,US,1618690813
nelson bay,-32.7167,152.15,54.0,100,90,10.36,AU,1618690762
saint-joseph,-21.3667,55.6167,73.4,88,90,3.44,RE,1618690813
clyde river,70.4692,-68.5914,8.6,85,90,17.27,CA,1618690771
aklavik,68.2191,-135.0107,44.6,42,20,4.61,CA,1618690782
plettenberg bay,-34.0527,23.3716,66.54,42,66,0.56,ZA,1618690814
ixtapa,20.7,-105.2,80.6,57,1,10.36,MX,1618690705
los llanos de aridane,28.6585,-17.9182,68.0,68,75,14.97,ES,1618690815
kampot,10.6167,104.1833,82.4,78,40,6.91,KH,1618690815
wajir,1.7471,40.0573,83.5,59,100,9.44,KE,1618690816
suntar,62.1444,117.6319,12.31,80,100,12.21,RU,1618690795
mount gambier,-37.8333,140.7667,53.6,94,90,8.05,AU,1618690816
port shepstone,-30.7414,30.455,65.86,75,2,15.73,ZA,1618690816
svoboda nad upou,50.626,15.8165,39.99,99,100,11.99,CZ,1618690817
tuy hoa,13.0833,109.3,75.04,86,61,4.72,VN,1618690817
mehamn,71.0357,27.8492,35.13,88,11,10.96,NO,1618690818
vila velha,-20.3297,-40.2925,78.01,78,40,5.75,BR,1618690682
arlit,18.7369,7.3853,91.38,4,100,9.57,NE,1618690818
yakeshi,49.2833,120.7333,19.71,86,9,4.63,CN,1618690818
santa marta de tormes,40.9506,-5.6272,48.2,53,0,5.75,ES,1618690819
itupiranga,-5.1347,-49.3267,80.6,94,75,8.05,BR,1618690819
ust-maya,60.4167,134.5333,26.44,96,100,3.74,RU,1618690819
ribeira brava,32.65,-17.0667,60.01,86,98,2.46,PT,1618690820
meulaboh,4.1363,96.1285,76.98,86,90,3.42,ID,1618690580
maun,-19.9833,23.4167,68.0,64,0,5.75,BW,1618690820
kall,50.55,6.55,46.0,72,99,1.01,DE,1618690821
raudeberg,61.9875,5.1352,43.0,58,0,4.43,NO,1618690690
charlottesville,38.0293,-78.4767,64.99,36,75,5.75,US,1618690575
pullman,46.7313,-117.1796,68.0,18,1,6.91,US,1618690695
lubao,14.9167,120.55,78.8,83,75,4.61,PH,1618690822
shelabolikha,53.4131,82.6167,32.0,51,0,4.47,RU,1618690822
kenai,60.5544,-151.2583,46.4,45,1,8.05,US,1618690823
vicuna,-30.0319,-70.7081,79.0,24,0,1.01,CL,1618690541
bam,29.106,58.357,76.33,24,96,8.46,IR,1618690823
port macquarie,-31.4333,152.9167,53.01,98,100,10.49,AU,1618690738
shimoda,34.6667,138.95,61.0,84,100,1.99,JP,1618690790
tarko-sale,64.9225,77.785,-8.21,91,6,11.32,RU,1618690824
flinders,-34.5833,150.8552,55.0,87,7,1.01,AU,1618690824
amapa,1.0,-52.0,78.06,96,82,3.44,BR,1618690825
kavaratti,10.5669,72.642,84.13,69,6,4.72,IN,1618690825
darnah,32.767,22.6367,70.9,58,100,7.36,LY,1618690825
seymchan,62.8833,152.4333,14.18,81,79,10.76,RU,1618690826
chaohu,31.6,117.8667,48.2,93,0,4.14,CN,1618690826
kalulushi,-12.8378,28.0919,59.88,73,98,6.2,ZM,1618690826
frei paulo,-10.5494,-37.5344,76.44,77,61,8.68,BR,1618690827
mount darwin,-16.7725,31.5838,61.12,68,93,6.96,ZW,1618690827
chokurdakh,70.6333,147.9167,7.03,93,100,4.72,RU,1618690827
banda aceh,5.5577,95.3222,79.57,78,53,5.88,ID,1618690828
malmyzh,56.5205,50.6818,39.31,80,0,5.64,RU,1618690828
fereydun kenar,36.6864,52.5225,61.11,65,96,5.28,IR,1618690829
provideniya,64.3833,-173.3,28.6,94,95,6.08,RU,1618690636
port hedland,-20.3167,118.5667,73.4,56,60,6.91,AU,1618690829
tevaitoa,-16.7833,-151.5,81.9,74,98,9.95,PF,1618690829
muros,42.7762,-9.0603,57.0,57,30,5.3,ES,1618690830
kadaya,50.9327,119.2911,33.64,63,2,5.86,RU,1618690830
jacareacanga,-6.2222,-57.7528,73.83,97,100,1.95,BR,1618690830
ontario,34.0633,-117.6509,77.0,38,20,6.91,US,1618690596
korla,41.7597,86.1469,62.51,26,97,2.64,CN,1618690736
rognan,67.0953,15.3878,39.0,73,7,6.08,NO,1618690831
golden,39.7555,-105.2211,42.01,56,75,8.05,US,1618690831
athabasca,54.7169,-113.2854,64.4,26,100,3.44,CA,1618690832
iturama,-19.7281,-50.1956,79.54,58,68,6.31,BR,1618690832
kefamenanu,-9.4467,124.4781,69.03,91,86,2.48,ID,1618690833
lata,40.1629,-8.3327,59.0,72,0,4.61,PT,1618690833
mattawa,46.7379,-119.9028,75.0,23,1,3.91,US,1618690833
beringovskiy,63.05,179.3167,32.88,98,100,15.61,RU,1618690834
juba,4.8517,31.5825,78.6,58,99,1.41,SS,1618690834
pangkalanbuun,-2.6833,111.6167,73.36,96,98,0.85,ID,1618690721
andenes,69.3143,16.1194,37.99,80,4,8.05,NO,1618690834
turukhansk,65.8167,87.9833,3.9,93,99,9.75,RU,1618690835
pemangkat,1.1667,108.9667,78.75,82,100,8.55,ID,1618690835
tarauaca,-8.1614,-70.7656,80.13,72,96,4.7,BR,1618690835
shirokovskiy,58.8424,57.7832,36.0,44,22,1.99,RU,1618690836
matara,5.9485,80.5353,78.8,83,91,4.79,LK,1618690836
nanortalik,60.1432,-45.2371,25.97,53,2,32.77,GL,1618690665
san ramon,37.7799,-121.978,79.0,28,1,6.91,US,1618690801
huarmey,-10.0681,-78.1522,73.72,74,40,12.68,PE,1618690837
margate,51.3813,1.3862,44.01,67,100,4.0,GB,1618690598
peterhead,57.5058,-1.7981,45.0,93,6,11.5,GB,1618690837
ondjiva,-17.0667,15.7333,71.96,36,47,5.68,AO,1618690838
denholm,52.6501,-108.018,64.4,22,1,14.97,CA,1618690838
caxito,-8.5785,13.6643,82.4,83,20,10.36,AO,1618690839
aflao,6.116,1.1914,82.4,78,40,4.61,TG,1618690839
marau,-28.4492,-52.2,69.89,78,26,6.4,BR,1618690839
amnat charoen,15.9167,104.75,80.01,99,15,10.94,TH,1618690840
madimba,-10.4,40.3333,77.0,83,40,17.27,TZ,1618690840
aleysk,52.4926,82.7822,33.57,84,21,4.05,RU,1618690840
rehlingen-siersburg,49.3667,6.6833,46.99,53,0,13.8,DE,1618690841
tabuk,17.4189,121.4443,72.59,79,100,5.7,PH,1618690841
cedar city,37.6775,-113.0619,51.01,34,20,13.8,US,1618690607
bucerias,20.75,-105.3333,80.6,57,1,10.36,MX,1618690829
tuensang,26.2833,94.8333,59.31,89,8,3.51,IN,1618690842
constantine,36.365,6.6147,46.4,76,40,3.44,DZ,1618690842
zhigansk,66.7697,123.3711,12.51,95,100,8.05,RU,1618690842
eidsvag,62.7767,8.0668,44.6,53,21,3.44,NO,1618690843
belyy yar,53.6039,91.3903,23.0,80,0,2.24,RU,1618690637
komsomolskiy,40.4272,71.7189,57.2,54,100,4.61,UZ,1618690843
nome,64.5011,-165.4064,32.0,93,90,8.05,US,1618690844
romitan,39.9343,64.3814,62.6,63,20,4.61,UZ,1618690844
pyaozerskiy,65.8333,31.1667,30.16,95,7,2.33,RU,1618690844
kushima,31.4583,131.2333,49.51,58,96,13.71,JP,1618690845
zhangye,38.9342,100.4517,51.15,19,8,6.8,CN,1618690845
male,4.1748,73.5089,84.2,79,20,6.91,MV,1618690845
kiama,-34.6833,150.8667,55.0,87,11,1.01,AU,1618690846
sault sainte marie,46.5168,-84.3333,44.6,53,1,14.97,CA,1618690846
tambura,5.6,27.4667,78.62,47,100,4.14,SS,1618690766
syava,58.0146,46.3222,37.78,85,5,3.94,RU,1618690756
jumla,29.2747,82.1838,39.94,90,51,5.7,NP,1618690847
nagato,34.3833,131.2,51.8,43,20,21.85,JP,1618690847
santa cruz de la palma,28.6835,-17.7642,68.0,68,75,14.97,ES,1618690848
vila,42.0304,-8.1588,57.99,58,0,8.05,PT,1618690848
faanui,-16.4833,-151.75,82.2,73,99,10.69,PF,1618690849
poum,-20.2333,164.0167,77.52,78,42,15.12,NC,1618690849
weligama,5.9667,80.4167,79.0,83,93,5.1,LK,1618690849
sabzevar,36.2126,57.6819,63.16,45,0,12.48,IR,1618690850
westport,41.1415,-73.3579,54.0,47,90,9.22,US,1618690850
coos bay,43.3665,-124.2179,82.0,93,40,11.5,US,1618690828
arman,59.7,150.1667,22.51,94,100,6.24,RU,1618690795
palana,59.1167,159.9667,20.82,84,44,11.27,RU,1618690851
mountain home,43.133,-115.6912,63.0,25,1,4.0,US,1618690851
tabory,58.5198,64.5495,39.22,68,100,10.0,RU,1618690852
lakselv,70.0513,24.9718,33.8,80,0,4.61,NO,1618690852
adrar,20.5022,-10.0711,79.12,19,0,9.95,MR,1618690852
buta,2.7858,24.73,70.32,96,98,2.06,CD,1618690853
elizabeth city,36.2946,-76.2511,68.0,42,1,12.66,US,1618690853
nalut,30.3333,10.85,74.19,31,100,14.72,LY,1618690854
yarmouth,41.7057,-70.2286,46.4,66,90,10.36,US,1618690854
gopalpur,19.2667,84.9167,79.03,87,0,13.89,IN,1618690854
metsavan,41.2016,44.2288,44.6,70,40,2.3,AM,1618690855
kayankulam,9.1833,76.5,77.36,87,100,4.61,IN,1618690855
barcelos,41.5388,-8.6151,57.99,71,0,3.44,PT,1618690685
yeniseysk,58.4497,92.1703,20.39,82,70,6.76,RU,1618690856
honningsvag,70.9821,25.9704,37.87,80,2,13.2,NO,1618690856
bowen,-20.0167,148.2333,71.6,94,90,5.75,AU,1618690856
kungurtug,50.5994,97.5228,32.2,85,99,2.44,RU,1618690857
miraflores,19.2167,-98.8083,86.0,12,40,11.5,MX,1618690857
flin flon,54.7682,-101.865,50.0,40,75,16.11,CA,1618690857
lugo,43.0,-7.5,46.0,80,3,1.99,ES,1618690858
phalombe,-15.8064,35.6507,62.62,96,100,6.11,MW,1618690858
nizwa,22.9333,57.5333,82.09,19,79,2.39,OM,1618690858
tazmalt,36.3868,4.3989,48.47,80,39,3.74,DZ,1618690859
the valley,18.217,-63.0578,86.0,70,20,12.66,AI,1618690733
itoman,26.1247,127.6694,66.2,63,20,24.16,JP,1618690859
barinas,8.6226,-70.2075,90.03,44,100,5.64,VE,1618690860
galle,6.0367,80.217,80.26,80,100,8.28,LK,1618690860
ranikhet,29.65,79.4167,46.29,79,0,5.95,IN,1618690860
boulder city,35.9786,-114.8325,71.01,18,1,16.11,US,1618690861
noumea,-22.2763,166.4572,75.0,94,0,2.3,NC,1618690861
kuching,1.55,110.3333,75.2,94,40,14.97,MY,1618690861
kysyl-syr,63.8986,122.7617,11.52,90,100,12.39,RU,1618690862
quang ngai,15.1167,108.8,70.61,91,9,4.52,VN,1618690862
kadoma,34.7333,135.5833,51.01,87,75,3.44,JP,1618690862
baiima,8.1,-11.85,77.59,82,100,2.3,SL,1618690863
shache,38.4167,77.2406,58.62,38,92,3.96,CN,1618690747
ugoofaaru,5.6667,73.0,83.05,74,61,6.96,MV,1618690863
tura,25.5198,90.2201,67.32,82,0,3.85,IN,1618690696
bandarbeyla,9.4942,50.8122,81.1,75,22,11.74,SO,1618690864
gallup,35.5281,-108.7426,50.0,53,90,12.66,US,1618690695
ipaba,-19.4136,-42.4194,80.6,57,0,3.44,BR,1618690864
palmas bellas,9.2319,-80.0867,82.0,78,100,3.0,PA,1618690865
seoul,37.5683,126.9778,46.4,81,0,2.3,KR,1618690862
hokitika,-42.7167,170.9667,51.69,81,100,1.43,NZ,1618690865
verkhnevilyuysk,63.4453,120.3167,11.39,85,100,13.38,RU,1618690866
verkhnyaya inta,65.9811,60.3094,11.01,87,20,9.46,RU,1618690866
lima,-12.0432,-77.0282,75.0,73,0,14.97,PE,1618690867
egvekinot,66.3167,-179.1667,27.46,97,100,18.16,RU,1618690867
sao domingos,-13.3983,-46.3183,83.79,41,100,4.88,BR,1618690867
kaduna,10.5222,7.4383,84.04,34,95,4.92,NG,1618690868
kamenka,51.3223,42.7678,43.99,85,0,1.66,RU,1618690843
thaton,16.9206,97.3714,75.83,88,57,2.48,MM,1618690868
orodara,10.9492,-4.9342,80.6,74,0,5.75,BF,1618690868
torbay,47.6666,-52.7314,37.4,87,90,18.41,CA,1618690659
terrace bay,48.7834,-87.1,42.8,65,40,8.05,CA,1618690869
tacoronte,28.4769,-16.4102,68.0,82,75,13.8,ES,1618690869
marzuq,14.4,46.4667,70.39,54,0,5.95,YE,1618690870
olafsvik,64.8945,-23.7142,36.82,84,100,10.89,IS,1618690870
ladario,-19.0047,-57.6017,86.0,66,40,4.61,BR,1618690870
edgewater,28.9889,-80.9023,84.99,83,75,17.27,US,1618690702
ascension,30.2169,-90.9001,64.4,88,90,5.75,US,1618690871
sao miguel do araguaia,-13.275,-50.1628,84.69,62,100,0.65,BR,1618690871
palu,-0.8917,119.8707,74.84,94,100,3.09,ID,1618690872
mahibadhoo,3.7833,72.9667,83.25,73,54,11.39,MV,1618690872
lavrentiya,65.5833,-171.0,31.62,89,100,11.45,RU,1618690872
paragominas,-2.9667,-47.4833,76.93,91,97,2.71,BR,1618690873
saint-georges,12.0564,-61.7485,86.0,66,20,23.02,GD,1618690873
half moon bay,37.4636,-122.4286,66.99,59,1,9.22,US,1618690873
puerto lopez,4.0845,-72.956,75.07,91,100,4.25,CO,1618690874
whitehorse,60.7161,-135.0538,50.0,34,20,9.22,CA,1618690816
tuatapere,-46.1333,167.6833,53.01,86,93,11.99,NZ,1618690874
saint petersburg,59.8944,30.2642,48.2,34,0,8.95,RU,1618690615
anloga,5.7947,0.8973,82.4,78,40,4.61,GH,1618690875
reguengos de monsaraz,38.4253,-7.5349,64.4,48,0,3.44,PT,1618690875
ciparay,-7.4249,108.4742,73.99,94,99,1.63,ID,1618690876
waipawa,-41.4122,175.5153,59.0,76,6,8.05,NZ,1618690876
porto walter,-8.2686,-72.7439,79.84,89,99,3.51,BR,1618690876
byron bay,-28.65,153.6167,59.0,82,40,11.5,AU,1618690877
ravar,31.2656,56.8055,70.77,21,100,6.69,IR,1618690877
kjollefjord,70.9457,27.3465,35.74,85,6,9.78,NO,1618690877
guadalupe y calvo,26.1,-106.9667,66.9,18,0,13.94,MX,1618690878
mnogovershinnyy,53.9353,139.9242,23.25,98,57,2.44,RU,1618690878
monrovia,6.3005,-10.7969,80.6,83,75,4.32,LR,1618690878
kandrian,-6.2167,149.55,76.05,88,57,7.07,PG,1618690879
beyneu,45.3167,55.2,64.27,31,71,5.14,KZ,1618690879
bhagalpur,25.25,87.0,82.87,51,93,6.53,IN,1618690879
muravlenko,63.7898,74.523,-6.18,98,14,10.56,RU,1618690880
la asuncion,11.0333,-63.8628,81.55,71,55,21.03,VE,1618690622
karabuk,41.2049,32.6277,57.79,88,100,3.8,TR,1618690880
asau,46.4333,26.4,45.0,48,100,2.15,RO,1618690776
bac lieu,9.285,105.7244,80.74,77,24,4.25,VN,1618690746
tabou,4.423,-7.3528,79.03,82,100,5.06,CI,1618690851
leshukonskoye,64.8989,45.7622,29.03,81,31,6.85,RU,1618690881
volkhov,59.9258,32.3382,39.99,16,35,6.82,RU,1618690882
isla mujeres,21.2311,-86.731,87.8,62,75,24.16,MX,1618690882
zapolyarnyy,69.4154,30.8136,33.8,93,20,2.68,RU,1618690882
homer,59.6425,-151.5483,46.4,53,1,9.22,US,1618690883
moss vale,-34.55,150.3833,55.0,100,90,8.05,AU,1618690883
parang,7.3704,124.2697,77.74,86,100,5.88,PH,1618690883
okitipupa,6.5047,4.7839,78.04,90,100,2.8,NG,1618690884
istmina,5.1605,-76.684,89.74,53,89,3.76,CO,1618690884
launceston,-41.45,147.1667,44.6,93,17,9.22,AU,1618690884
rocha,-34.4833,-54.3333,69.04,74,8,6.58,UY,1618690885
narrabri,-30.3167,149.7833,48.2,93,0,11.5,AU,1618690885
kudahuvadhoo,2.6708,72.8944,82.76,69,32,8.14,MV,1618690886
antofagasta,-23.65,-70.4,64.4,77,20,12.66,CL,1618690886
griffith,41.5284,-87.4237,51.8,54,1,12.66,US,1618690886
scarborough,54.2797,-0.4044,41.0,68,100,3.0,GB,1618690887
saskatoon,52.1168,-106.6345,64.4,22,75,3.44,CA,1618690603
port lincoln,-34.7333,135.8667,56.98,78,9,4.38,AU,1618690887
garden city,42.3256,-83.331,60.8,47,75,4.61,US,1618690698
tupik,54.4253,119.9327,27.61,88,100,3.49,RU,1618690888
skelleftea,64.7507,20.9528,37.4,70,9,3.44,SE,1618690888
san carlos del zulia,9.0,-71.9135,91.67,52,59,8.72,VE,1618690888
yankton,42.8711,-97.3973,50.0,53,90,16.11,US,1618690889
bakel,14.905,-12.4568,97.56,12,5,8.97,SN,1618690889
conceicao do almeida,-12.7794,-39.17,78.39,62,54,9.19,BR,1618690889
mazatlan,23.2167,-106.4167,80.6,61,40,8.05,MX,1618690660
montrose,38.4166,-108.2673,46.99,34,89,15.99,US,1618690890
kropotkin,45.4375,40.5756,47.84,91,100,4.59,RU,1618690890
nyzhni sirohozy,46.8484,34.3804,43.57,71,23,6.31,UA,1618690891
chiantla,15.3547,-91.4583,82.4,34,75,6.91,GT,1618690891
